,motif,poi,representative,Type,val,N,stddevs,p-value,n_canonical
0,AGACC,3,AGACC,III,0.00012040416,2888,-8.63180428535953,3.019582798447708e-18,0
1,GAGC,3,GAGC,III,0.008651277,16337,-5.049658492302736,2.2130029656932072e-07,0
