,motif,poi,representative,Type,val,N,stddevs,p-value,n_canonical
0,GCCAGG,3,GCCAGG,III,0.00020816785,1355,-8.987188009741894,1.2681825787412355e-19,0
1,GACNNNNNGTG,1,GACNNNNNGTG,I,3.835409e-05,1007,-8.370867987070094,2.859767839551966e-17,0
2,CACNNNNNGTC,0,GACNNNNNGTG,I,0.00030838145,1003,-8.189262628399959,1.314157244324086e-16,0
3,TTCGAA,5,TTCGAA,II,8.824719e-07,746,-7.712549217603703,6.166454567697332e-15,0
4,GGANNNNNNNCATC,2,GGANNNNNNNCATC,I,0.00017960266,427,-6.494708596985003,4.159714202960351e-11,0
5,GATGNNNNNNNTCC,1,GGANNNNNNNCATC,I,0.0017055181,424,-5.688761258165031,6.398211105513857e-09,0
6,CATCGAT,3,CATCGAT,III,0.0007518985,110,-4.207472032676711,1.2912167580721575e-05,0
7,ATCGATG,0,CATCGAT,III,0.00077800173,110,-4.197628043939448,1.3486257979482672e-05,0
