,motif,poi,representative,Type,val,N,stddevs,p-value,n_canonical
0,TTCGAA,4,TTCGAA,II,0.0004607262,660,-8.243153638823165,8.386498627226327e-17,0
1,GACNNNNNNGTC,1,GACNNNNNNGTC,I,0.0011541479,681,-8.063132198934122,3.718201461485711e-16,0
