,motif,poi,representative,Type,val,N,stddevs,p-value,n_canonical
0,TTCGAA,4,TTCGAA,II,0.00055932347,658,-7.6616053937883715,9.181154914788984e-15,0
1,GACNNNNNNGTC,1,GACNNNNNNGTC,I,0.0015083184,655,-7.293837686534945,1.5062416906467111e-13,0
