,motif,poi,representative,Type,val,N,stddevs,p-value,n_canonical
0,CCSGG,1,CCSGG,II,0.0034489403,5240,-9.895138749080417,2.1850200653907458e-23,0
1,GCCGGC,1,GCCGGC,II,8.865044e-05,1223,-8.242823098819255,8.409707905904856e-17,0
2,TCANNNNNCTC,2,TCANNNNNCTC,I,0.0005552463,1133,-7.8524629957314485,2.0397263631628944e-15,0
3,GAGNNNNNTGA,1,TCANNNNNCTC,I,0.0014737279,1162,-7.463176360176964,4.223058721780067e-14,0
4,GACNNNNNNNGTC,1,GACNNNNNNNGTC,I,0.0001792655,701,-7.064451818904582,8.062563972843585e-13,0
5,CGTACG,3,CGTACG,II,0.00011822131,672,-7.01109773336628,1.1822774050217697e-12,0
