,motif,poi,representative,Type,val,N,stddevs,p-value,n_canonical
0,GACNNNNNNGTC,1,GACNNNNNNGTC,I,1.932183e-05,829,-7.558908544155007,2.032327776772162e-14,0
1,TTCGAA,4,TTCGAA,II,1.2891893e-08,750,-7.368148779051641,8.650682247395978e-14,0
