,motif,poi,representative,Type,val,N,stddevs,p-value,n_canonical
0,CCSGG,0,CCSGG,II,0.0009146296,5345,-12.46371468902451,5.887752960120045e-36,0
1,CCANNNNNNTGG,2,CCANNNNNNTGG,I,0.00011904851,1507,-9.23078065639833,1.3433329126116803e-20,0
2,CGTACG,3,CGTACG,II,5.802505e-05,663,-7.37979766237495,7.926513582426668e-14,0
3,GAANNNNNNRTGT,2,GAANNNNNNRTGT,I,2.8972507e-05,424,-6.532084918615304,3.243018010595066e-11,0
4,ACAYNNNNNNTTC,1,GAANNNNNNRTGT,I,0.000103906816,426,-6.506482004620014,3.846555679089958e-11,0
5,GACNNNNNNAATC,2,GACNNNNNNAATC,I,0.00015245425,274,-5.736265475067053,4.839345687035119e-09,0
6,GATTNNNNNNGTC,1,GACNNNNNNAATC,I,0.00042569483,273,-5.618281380801001,9.643311365000113e-09,0
