,motif,poi,representative,Type,val,N,stddevs,p-value,n_canonical
0,GCCAGG,3,GCCAGG,III,6.201378e-05,1423,-5.446078018756351,2.5746278865872525e-08,0
1,GGYANNNNNNTGG,3,GGYANNNNNNTGG,I,9.326871e-06,702,-4.744879914747944,1.0431503317072515e-06,0
2,CCANNNNNNTRCC,1,GGYANNNNNNTGG,I,4.887197e-05,702,-4.723659754169959,1.1581891951116695e-06,0
3,GACNNNNNNNTGT,2,GACNNNNNNNTGT,I,2.9418787e-09,671,-4.706496309626375,1.2600527271944639e-06,0
4,ACANNNNNNNGTC,2,GACNNNNNNNTGT,I,6.350956e-08,671,-4.70646403289599,1.2602521527025369e-06,0
