,motif,poi,representative,Type,val,N,stddevs,p-value,n_canonical
0,RGATCY,2,RGATCY,II,0.00064322964,3381,-11.378518211514638,2.6750516708000463e-30,0
1,TCANNNNNCTC,2,TCANNNNNCTC,I,0.000589242,1145,-8.487703544202104,1.0538019307667502e-17,0
2,GAGNNNNNTGA,1,TCANNNNNCTC,I,0.0009898443,1153,-8.304068664816857,5.03027255521267e-17,0
3,CGTACG,0,CGTACG,II,9.3373084e-05,662,-7.523953793984135,2.6572066338053196e-14,0
