,motif,poi,representative,Type,val,N,stddevs,p-value,n_canonical
0,CCSGG,0,CCSGG,II,0.0011223529,5440,-12.890053228805645,2.560422743884673e-38,0
1,GAGNNNNNTGA,1,GAGNNNNNTGA,I,0.00019303376,1142,-8.760347787882877,9.73244379418533e-19,0
2,TCANNNNNCTC,1,GAGNNNNNTGA,I,0.00022322245,1140,-8.736472869362581,1.2025081704085854e-18,0
3,GACNNNNNNNGTC,1,GACNNNNNNNGTC,I,2.4108536e-05,732,-7.799078098508457,3.1180531762439174e-15,0
4,CGTACG,4,CGTACG,II,2.7901115e-05,665,-7.583492869112691,1.6818701962757436e-14,0
