,motif,poi,representative,Type,val,N,stddevs,p-value,n_canonical
0,CCSGG,0,CCSGG,II,0.00037816717,3932,-11.200346439460894,2.030710579343529e-29,0
1,GACNNNNNNNGTC,2,GACNNNNNNNGTC,I,6.336012e-06,592,-6.718545751548981,9.17735577169031e-12,0
2,CGTACG,3,CGTACG,II,7.3490145e-07,548,-6.57527456694365,2.4281734736956254e-11,0
3,GAANNNNNNNCTC,2,GAANNNNNNNCTC,I,4.160743e-05,538,-6.518101338075087,3.5601442314362176e-11,0
4,GAGNNNNNNNTTC,1,GAANNNNNNNCTC,I,6.600779e-05,538,-6.504536057027929,3.896676133011117e-11,0
