,motif,poi,representative,Type,val,N,stddevs,p-value,n_canonical
0,GACNNNNNGTG,1,GACNNNNNGTG,I,0.0002114696,966,-7.527254647531463,2.5909126157391647e-14,0
1,GCCAGG,3,GCCAGG,III,0.0019163258,1227,-7.173438944707896,3.656843904445208e-13,0
2,CACNNNNNGTC,1,GACNNNNNGTG,I,0.0010111441,947,-7.119953044498035,5.398191910916189e-13,0
3,TTCGAA,4,TTCGAA,II,7.64355e-05,713,-7.021116186618384,1.1005136103942177e-12,0
4,GGANNNNNNNCATC,2,GGANNNNNNNCATC,I,0.00093967334,399,-5.7177216698824465,5.3980894340676214e-09,0
5,GATGNNNNNNNTCC,1,GGANNNNNNNCATC,I,0.001987232,394,-5.297097407632713,5.882896941244663e-08,0
