,motif,poi,representative,Type,val,N,stddevs,p-value,n_canonical
0,GCCAGG,3,GCCAGG,III,6.911547e-05,1357,-5.915825621762156,1.6510745948573763e-09,0
1,CACNNNNNGTC,2,CACNNNNNGTC,I,1.1387534e-06,1004,-5.57052492102093,1.2698649212517664e-08,0
2,GACNNNNNGTG,2,CACNNNNNGTC,I,4.1554557e-08,1003,-5.569950371109726,1.2740595322221277e-08,0
3,TTCGAA,4,TTCGAA,II,3.3117165e-11,748,-5.215687232071555,9.156848345050498e-08,0
4,GATGNNNNNNNTCC,1,GATGNNNNNNNTCC,I,4.849278e-07,427,-4.599823214444105,2.1142481878075964e-06,0
5,GGANNNNNNNCATC,2,GATGNNNNNNNTCC,I,1.9734036e-05,426,-4.587298544194453,2.245091817684487e-06,0
